tj,cnpj
RJ,00148344000142
RJ,00254740000154
RJ,00261017000100
RJ,00261304000102
RJ,00277106000137
RJ,00291458000147
RJ,00355188000190
RJ,00548316000112
RJ,00717559000137
RJ,00719887000172
RJ,00721736000159
RJ,00750007000120
RJ,00796732000130
RJ,00829418000459
RJ,00856108000180
RJ,00923427000161
RJ,00940525000107
RJ,01064043000101
RJ,01234089000113
RJ,01340937000179
RJ,01496878000122
RJ,01720324000167
RJ,01815301000136
RJ,02182621000169
RJ,02193750000152
RJ,02249216000110
RJ,02249492000189
RJ,02249938000175
RJ,02281654000166
RJ,02308654000102
RJ,02348740000149
RJ,02466923000169
RJ,02474891000143
RJ,02616090000175
RJ,02686151000170
RJ,02693391000100
RJ,02725875000186
RJ,02748565000187
RJ,02762115000149
RJ,02774064000175
RJ,02886033000106
RJ,02886413000140
RJ,02895077000100
RJ,02897768000135
RJ,02926485000174
RJ,03147650000152
RJ,03232447000184
RJ,03504493000195
RJ,03513802000274
RJ,03535913000109
RJ,03542699000100
RJ,03558629000140
RJ,03638356000143
RJ,03662454000116
RJ,03738129000190
RJ,03850067000103
RJ,03904574000182
RJ,03925618000150
RJ,03934162000195
RJ,04055101000110
RJ,04082647000160
RJ,04096296000147
RJ,04158389000159
RJ,04272269000188
RJ,04303679000220
RJ,04305863000128
RJ,04415844000154
RJ,04423567000121
RJ,04506236000155
RJ,04516264000153
RJ,04526087000196
RJ,04532722000148
RJ,04546811000143
RJ,04581833000306
RJ,04651067000147
RJ,04684842000160
RJ,04706877000153
RJ,04750747000118
RJ,04791763000159
RJ,04793029000129
RJ,04855758000162
RJ,04871807000401
RJ,05263709000101
RJ,05294609000134
RJ,05326766000184
RJ,05448693000101
RJ,05457011000119
RJ,05486954000170
RJ,05488665000100
RJ,05644704000110
RJ,05722506000128
RJ,05762753000158
RJ,05762767000171
RJ,05772922000130
RJ,05876275000107
RJ,05880389000120
RJ,06123359000132
RJ,06181476000152
RJ,06204677000128
RJ,06299134000131
RJ,06337560000112
RJ,06538378000120
RJ,06787408000131
RJ,06913472000111
RJ,06967096000148
RJ,06978188000123
RJ,06994480000130
RJ,07065754000179
RJ,07098727000100
RJ,07127452000188
RJ,07147816000191
RJ,07199883000150
RJ,07212358000127
RJ,07267371000183
RJ,07283059000183
RJ,07306813000153
RJ,07352916000150
RJ,07441212000153
RJ,07482627000175
RJ,07557381000153
RJ,07575127000188
RJ,07734756000103
RJ,07734762000160
RJ,07734771000151
RJ,07734787000164
RJ,07734829000167
RJ,07737028000155
RJ,07772657000116
RJ,07772680000100
RJ,07792269000105
RJ,07872408000100
RJ,07941451000172
RJ,07957093000196
RJ,08018417000193
RJ,08079358000163
RJ,08086917000162
RJ,08147559000150
RJ,08204115000100
RJ,08346404000143
RJ,08348723000198
RJ,08395735000254
RJ,08483064000100
RJ,08495978000183
RJ,08544164000191
RJ,08589042000111
RJ,08589404000174
RJ,08617898000153
RJ,08656302000124
RJ,08666702000110
RJ,08769666000110
RJ,08835347000166
RJ,08868665000123
RJ,08924082000172
RJ,08924385000195
RJ,08926302000105
RJ,08988837000100
RJ,09112685000132
RJ,09176640000121
RJ,09204760000195
RJ,09269072000103
RJ,09295920000159
RJ,09298176000146
RJ,09298319000110
RJ,09298473000191
RJ,09298478000114
RJ,09299205000194
RJ,09318565000196
RJ,09335566000149
RJ,09335569000182
RJ,09336366000100
RJ,09338485000100
RJ,09340655000183
RJ,09365991000180
RJ,09436649000124
RJ,09468973000124
RJ,09476768000100
RJ,09490951000160
RJ,09496717000140
RJ,09561225000191
RJ,09646917000132
RJ,10277470000150
RJ,10278135000177
RJ,10286324000191
RJ,10295670000136
RJ,10312977000106
RJ,10313033000145
RJ,10333693000198
RJ,10359811000137
RJ,10393133000129
RJ,10481246000186
RJ,10484870000137
RJ,10518676000125
RJ,10702511000109
RJ,10736732000106
RJ,10788628000157
RJ,10814941000112
RJ,10817061000108
RJ,10817081000170
RJ,10851513000160
RJ,10872848000164
RJ,10875861000177
RJ,10885595000163
RJ,10955061000166
RJ,10997623000134
RJ,11004019000122
RJ,11019639000135
RJ,11020483000102
RJ,11094822000103
RJ,11122584000194
RJ,11161509000132
RJ,11198242000158
RJ,11284210000175
RJ,11290548000130
RJ,11342416000104
RJ,11437203000166
RJ,11522120000175
RJ,11567225000140
RJ,11667985000120
RJ,11801519000195
RJ,11801960000177
RJ,11906277000102
RJ,12009773000118
RJ,12045924000193
RJ,12079870000187
RJ,12209477000160
RJ,12209506000194
RJ,12211861000106
RJ,12356050000195
RJ,12501141000177
RJ,12501155000190
RJ,12501157000180
RJ,12539435000198
RJ,12604121000121
RJ,12816368000101
RJ,12965097000156
RJ,12981793000156
RJ,13086053000119
RJ,13127015000167
RJ,13167132000154
RJ,13185066000145
RJ,13186030000186
RJ,13186046000199
RJ,13193973000136
RJ,13259260000128
RJ,13449912000197
RJ,13564886000148
RJ,13719980000129
RJ,14068603000130
RJ,14291318000183
RJ,14375162000119
RJ,14781006000158
RJ,14976305000148
RJ,14978872000133
RJ,14980616000180
RJ,15116664000198
RJ,15333656000101
RJ,15379168000127
RJ,15417966000104
RJ,15742838000128
RJ,15836872000161
RJ,15984826000100
RJ,16885474000106
RJ,17250558000128
RJ,17287373000198
RJ,17358882000164
RJ,17874392000110
RJ,17895861000188
RJ,18125843000180
RJ,18191257000133
RJ,18193878000156
RJ,18443949000121
RJ,18712076000105
RJ,18916517000190
RJ,18948013000152
RJ,19080443000168
RJ,19080492000109
RJ,19114250000180
RJ,19278613000113
RJ,19470119000156
RJ,19571543000197
RJ,20432939000132
RJ,20517195000159
RJ,21001761000138
RJ,21131835000150
RJ,23318758000178
RJ,23421655000139
RJ,23797636000101
RJ,23834370000120
RJ,26168862000111
RJ,26496540000100
RJ,27050947000163
RJ,27542587000117
RJ,27677262000141
RJ,27974948000102
RJ,28446250000179
RJ,28555738000134
RJ,28784627000108
RJ,28964872000199
RJ,28972792000185
RJ,29172616000121
RJ,29176302000105
RJ,29688991000129
RJ,29768702000100
RJ,29963865000135
RJ,29979440000114
RJ,30007873000197
RJ,30034441000175
RJ,30046296000142
RJ,30069231000112
RJ,30105597000108
RJ,30183941000179
RJ,30509814000117
RJ,30521090000127
RJ,30757058000145
RJ,30873640000177
RJ,30925689000126
RJ,31069347000114
RJ,31098700000194
RJ,31114903000127
RJ,31128705000112
RJ,31136401000105
RJ,31422934000145
RJ,32058307000130
RJ,32193369000154
RJ,32247009000198
RJ,32314247000179
RJ,32330003000180
RJ,32500977000164
RJ,33017088000103
RJ,33022203000138
RJ,33134222000156
RJ,33197260000158
RJ,33200049000147
RJ,33216797000118
RJ,33220880000160
RJ,33225160000198
RJ,33227596000116
RJ,33295346000113
RJ,33320003000161
RJ,33388182000179
RJ,33451311000126
RJ,33607565000190
RJ,33658576000108
RJ,34078154000118
RJ,34159830000188
RJ,34291484000278
RJ,34293761000109
RJ,34294264000117
RJ,34485524000131
RJ,35795814000144
RJ,36233195000167
RJ,39064639000176
RJ,39185269000125
RJ,39198643000127
RJ,39414552000181
RJ,40233215000177
RJ,40244022000111
RJ,40264616000194
RJ,40297269000104
RJ,40361826000109
RJ,40410094000191
RJ,40421406000162
RJ,42147496000170
RJ,42288548000129
RJ,42367292000145
RJ,42407445000130
RJ,42493940000100
RJ,42555029000180
RJ,52196227000158
RJ,53454674000980
RJ,57574154000104
RJ,60963972000103
RJ,62803333000106
RJ,64162795000117
RJ,68565530000110
RJ,68593169000136
RJ,68596394000126
RJ,68613678000183
RJ,68626183000199
RJ,68730811000181
RJ,71702716000189
RJ,72343882000107
RJ,84590447000158
RJ,84590447000310
RJ,90195892000116
RJ,97348015000187
SP,58.580.465/0001-49
SP,"51.086.080/0001-80, 03.775.827/0001-65, 44.845.915/0001-73, 52.601.853/0001-82, 44.776.409/0001-70, 46.115.556/0001-24, 08.391.345/0001-25, 12.419.787/0001-00, 56.930.811/0001-46, 04.722.835/0001-06, 54.855.671/0001-63, 12.293.473/0001-03, 18.093.935/0001-25"
SP,65.692.873/0001-58
SP,49.462.286/0001-16
SP,"06.866.425/0001-64, 10.344.548/0001-02"
SP,56.696.875/0001-24
SP,58.179.441/0001-82
SP,57.825.036/0001-21
SP,06.910.581/0001-85
SP,03.120.731/0001-69
SP,02.930.094/0001-23
SP,00.641.416/0001-99
SP,59.108.225/0002-90
SP,"09.578.635/0001-45, 09.628.490/0001-40, 09.133.004/0001-12, 08.948.335/0001-48, 09.580.789/0001-71, 07.794.351/0001-60, 09.942.289/0001-32, 11.040.082/0001-14, 00.187.032/0001-48, 10.140.347/0001-93, 08.890.483/0001-59, 13.087.511/0001-34, 08.468.054/0001-98, 13.605.808/0001-44, 11.686.561/0001-02, 11.686.552/0001-11, 11.681.716/0001-18, 14.618.654/0001-98, 14.552.042/0001-40, 14.016.016/0001-05, 14.016.023/0001-07, 03.659.193/0001-85, 10.246.553/0001-82, 10.230.105/0001-90, 10.231.712/0001-75, 10.234.274/0001-07, 10.234.661/0001-35, 10.230.085/0001-58, 10.230.034/0001-26, 10.234.329/0001-70"
SP,"67.571.414/0001-41, 07.221.384/0001-11, 08.519.440/0001-61, 08.662.568/0001-80, 08.516.584/0001-64, 07.535.045/0001-00, 09.067.188/0001-60, 09.256.938/0001-41, 08.814.862/0001-60, 09.152.645/0001-14, 09.152.680/0001-33, 08.680.375/0001-51, 08.814.934/0001-79, 08.814.853/0001-79, 08.814.845/0001-22, 07.230.123/0001-68, 09.304.648/0001-26, 09.302.846/0001-50, 08.814.938/0001-57, 08.698.531/0001-01, 09.034.973/0001-16, 08.793.859/0001-07, 06.001.350/0001-59, 04.521.765/0001-28, 08.707.734/0001-17, 08.739.282/0001-55, 09.446.143/0001-04, 09.067.204/0001-14, 09.067.262/0001-48, 09.067.239/0001-53"
SP,"10.727.095/0001-01, 10.620.394/0001-34, 00.924.432/0001-99"
SP,"62.291.380/0001-18, 04.054.381/0001-42, 00.962.757/0001-66, 61.594.339/0001-58, 61.594.578/0001-08, 61.594.818/0001-74"
SP,"12.430.463/0001-72, 09.562.812/0001-03, 14.112.933/0001-85, 14.258.000/0001-09, 11.136.547/0001-35, 12.195.423/0001-93, 12.239.788/0001-72, 12.195.429/0001-60, 12.208.206/0001-90, 12.977.706/0001-97, 15.631.871/0001-80, 08.580.548/0001-60, 14.172.975/0001-01, 16.674.624/0001-24, 12.154.017/0001-82, 12.316.835/0001-34, 12.261.371/0001-06, 12.248.024/0001-43, 12.245.055/0001-40, 11.311.183/0001-82, 05.648.871/0001-30, 10.511.754/0001-60, 04.634.100/0001-20, 08.677.995/0001-31, 11.950.364/0001-59"
SP,"02.269.509/0001-60, 09.188.679/0001-69, 50.564.582/0001-07, 33.066.952/0001-67, 06.086.633/0001-40"
SP,"07.914.230/0003-77, 10.565.900/0001-30"
SP,"04.810.550/0001-27, 07.830.700/0001-52"
SP,"76.627.504/0001-06, 02.258.422/0001-97, 45.542.602/0001-09, 29.918.943/0008-56, 07.248.576/0001-11, 00.359.742/0001-08, 08.295.915/0001-83, 06.982.156/0001-00, 10.435.862/0001-09"
SP,"05.325.137/0001-30, 60.395.126/0001-34, 08.924.018/0001-91, 05.573.358/0001-27"
SP,"89.463.822/0001-12, 03.141.023/0001-04, 07.743.815/0001-00, 05.488.549/0001-90, 29.416.666/0001-07, 09.443.937/0001-06, 33.311.788/0001-06, 05.836.901/0001-31, 15.676.893/0003-29, 15.129.646/0001-40"
SP,02.756.451/0001-89
SP,"43.623.792/0001-63, 06.940.439/0001-80, 09.674.082/0001-24, 06.265.581/0001-70, 04.648.918/0001-00, 05.642.147/0001-07, 33.393.133/0001-24"
SP,"59.075.689/0001-66, 16.748.201/0001-01, 16.945.840/0001-67"
SP,"05.118.717/0001-56, 52.080.207/0001-17, 44.125.185/0001-36, 65.069.593/0001-98"
SP,"01.503.284/0001-00, 71.672.315/0001-23, 11.419.310/0001-61, 07.633.384/0001-29"
SP,"04.450.767/0001-73, 15.358.561/0001-34, 14.443.805/0001-14"
SP,"04.214.066/0001-35, 01.571.899/0001-65"
SP,"08.269.454/0001-74, 07.291.902/0001-73, 44.164.606/0001-38, 04.184.711/0001-14, 09.291.082/0001-45, 11.818.815/0001-07, 12.740.878/0001-42"
SP,06.030.747/0001-79
SP,"61.145.702/0001-58, 43.296.235/0001-85, 02.518.636/0001-55"
SP,11.773.740/0001-87
SP,53.606.869/0001-40
SP,54.183.819/0001-60
SP,"04.463.785/0001-90, 09.468.223/0001-52, 10.353.237/0001-00, 09.362.911/0001-33, 10.476.727/0001-01, 10.476.720/0001-81, 10.476.724/0001-60, 10.476.717/0001-68, 10.476.722/0001-70, 09.468.137/0001-40, 10.455.569/0001-03, 09.380.216/0001-02"
SP,61.403.481/0001-70
SP,72.277.932/0001-97
SP,03.235.174/0001-21
SP,"04.507.739/0001-45, 19.769.981/0001-64"
SP,54.988.308/0001-16
SP,"08.338.947/0001-19, 03.960.385/0001-27, 03.428.977/0001-00, 08.701.383/0001-37, 01.886.149/0001-82, 07.591.475/0001-49"
SP,"46.044.947/0001-03, 04.276.948/0001-25"
SP,43.107.580/0001-23
SP,00.217.622/0001-76
SP,"06.783.565/0001-79, 06.978.635/0001-44"
SP,01.138.991/0001-36
SP,"46.754.545/0001-94, 49.808.421/0001-32"
SP,"05.596.908/0001-23, 00.766.764/0001-92, 13.822.360/0001-10, 04.336.133/0001-94"
SP,07.906.493/0001-72
SP,"71.437.917/0001-04, 02.668.836/0001-94"
SP,"09.199.665/0001-40, 16.633.151/0001-17, 19.598.378/0001-67"
SP,02.632.315/0001-87
SP,00.618.809/0001-81
SP,"03.089.574/0001-76, 43.150.499/0001-26"
SP,"05.117.836/0001-94, 08.942.743/0001-92, 12.482.835/0001-04"
SP,55.882.401/0001-04
SP,"04.950.048/0001-11, 05.019.072/0001-02"
SP,03.995.380/0001-30
SP,67.231.555/0001-15
SP,"55.110.720/0001-00, 04.912.402/0001-13, 07.483.224/0001-40, 52.282.506/0001-34"
SP,43.717.578/0001-76
SP,56.548.639/0001-60
SP,"01.198.848/0001-30, 14.426.353/0001-62, 17.095.427/0001-13, 13.543.307/0001-80"
SP,36.005.312/0001-35
SP,01.060.513/0001-50
SP,"19.991.217/0001-39, 45.785.946/0001-49"
SP,07.695.362/0001-93
SP,02.240.308/0001-30
SP,09.220.127/0001-90
SP,05.530.211/0001-50
SP,"47.846.266/0001-13, 08.356.060/0001-53, 10.550.113/0001-14, 50.098.730/0001-45"
SP,"06.864.196/0001-49, 13.295.775/0001-83"
SP,06.204.489/0001-08
SP,02.297.742/0001-56
SP,"01.853.323/0001-90, 07.894.382/0001-93"
SP,"03.129.245/0001-01, 58.514.977/0001-07, 05.123.048/0001-00"
SP,48.296.420/0001-93
SP,61.031.795/0001-90
SP,02.634.979/0001-85
SP,02.551.439/0001-38
SP,47.683.388/0001-36
SP,"62.282.496/0001-90, 08.353.671/0001-48, 09.062.771/0001-88, 08.884.730/0001-04"
SP,61.075.925/0001-96
SP,67.113.381/0001-96
SP,64.944.135/0001-98
SP,66.118.142/0006-70
SP,72.548.506/0001-40
SP,43.306.026/0001-75
SP,62.752.654/0001-29
SP,"74.566.878/0001-25, 06.028.622/0001-04, 15.175.477/0001-85, 04.439.181/0001-08, 15.126.498/0001-00, 11.288.564/0001-98"
SP,52.739.505/0001-76
SP,57.553.851/0001-89
SP,"62.309.273/0001-70, 08.409.406/0001-34"
SP,47.007.257/0001-39
SP,"39.002.688/0001-84, 06.197.881/0001-69, 14.168.953/0001-78, 07.097.277/0001-23, 07.660.982/0001-97"
SP,"61.693.461/0001-81, 17.282.064/0001-25"
SP,55.109.474/0001-68
SP,45.769.809/0001-10
SP,60.855.269/0001-81
SP,61.938.312/0001-35
SP,60.187.960/0001-34
SP,49.403.215/0001-42
SP,"02.281.299/0001-25, 12.377.062/0001-04, 09.688.477/0001-86, 08.547.229/0001-52"
SP,"53.922.258/0001-01, 06.272.613/0001-64"
SP,"46.407.888/0001-82, 16.717.680/0001-07, 15.419.795/0001-44, 13.326.313/0001-86, 15.041.157/0001-32, 13.002.841/0001-80, 13.200.283/0001-67, 13.287.044/0001-96"
SP,61.378.881/0001-73
SP,56.128.820/0001-18
SP,10.460.416/0001-46
SP,51.559.417/0001-20
SP,59.273.268/0001-40
SP,18.562.866/0001-51
SP,50.601.392/0001-12
SP,12.554.735/0001-46
SP,"74.216.185/0001-02, 10.583.179/0001-00"
SP,"18.540.486/0001-16, 14.621.840/0001-86, 15.443.241/0001-82"
SP,00.302.650/0001-91
SP,"57.402.620/0001-74, 64.949.480/0001-14, 01.860.614/0001-06"
SP,11.065.453/0002-01
SP,01.147.243/0001-10
SP,72.695.968/0001-90
SP,"47.953.765/0001-00, 00.911.966/0001-80"
SP,03.011.370/0001-12
SP,11.344.200/0001-88
SP,"04.973.792/0001-31, 14.045.081/0001-50"
SP,47.226.493/0001-46
SP,04.828.624/0001-52
SP,03.987.589/0001-51
SP,65.698.516/0001-05
SP,11.522.120/0001-75
SP,"07.669.970/0001-23, 11.193.508/0001-70, 03.253.755/0001-96"
SP,"07.594.365/0001-30, 07.647.210/0001-15"
SP,56.149.271/0001-68
SP,03.540.418/0001-80
SP,02.825.650/0001-00
SP,66.617.747/0001-00
SP,"59.720.375/0001-79, 67.867.408/0001-36, 02.162.471/0001-21, 03.301.925/0001-60, 86.669.603/0001-04, 03.210.266/0001-57, 07.005.125/0001-53, 03.361.650/0001-50, 04.925.465/0001-04, 05.542.205/0001-12, 01.110.322/0003-18"
SP,74.310.962/0001-83
SP,97.554.284/0001-08
SP,04.258.407/0001-74
SP,00.891.873/0001-31
SP,"05.817.537/0001-62, 61.862.165/0001-67"
SP,02.681.793/0001-87
SP,01.221.317/0001-10
SP,84.298.447/0001-89
SP,"00.623.034/0001-32, 04.632.221/0001-33"
SP,"03.398.098/0001-75, 03.251.734/0001-31"
SP,18.224.698/0001-94
SP,"03.287.792/0001-15, 05.974.693/0001-37, 06.284.943/0001-70, 12.773.530/0001-51"
SP,02.431.862/0001-02
SP,07.302.203/0001-81
SP,"03.225.625/0073-14, 14.253.809/0001-30"
SP,57.010.670/0001-06
SP,"02.495.584/0001-49, 07.658.237/0001-03"
SP,15.224.633/0001-50
SP,64.098.932/0001-00
SP,12.610.808/0001-70
SP,12.773.519/0001-91
SP,"59.485.920/0001-90, 48.219.083/0001-30"
SP,55.024.715/0001-76
SP,"01.004.897/0001-94, 61.528.717/0001-03"
SP,60.595.550/0001-22
SP,60.371.010/0001-65
SP,61.204.814/0001-32
SP,"20.877.757/0001-75, 10.422.273/0001-88, 22.133.116/0001-31"
SP,"39.806.682/0001-60, 01.826.229/0001-42"
SP,04.935.661/0001-60
SP,"68.048.198/0001-17, 49.294.036/0001-14"
SP,01.174.900/0001-18
SP,04.176.237/0001-89
SP,04.047.561/0001-05
SP,06.185.909/0001-48
SP,05.990.245/0001-27
SP,10.348.405/0001-79
SP,07.018.261/0001-88
SP,08.859.309/0001-43
SP,05.900.140/0001-30
SP,12.804.424/0001-98
SP,08.492.515/0001-68
SP,03.443.434/0001-54
SP,10.619.241/0001-77
SP,06.143.987/0001-80
SP,06.227.673/0001-65
SP,16.919.412/0001-60
SP,04.613.224/0001-20
SP,05.442.896/0001-82
SP,01.871.856/0001-03
SP,46.190.146/0001-48
SP,NA
SP,20.861.622/0001-11
SP,"55.484.976/0001-79, 09.210.707/0001-05"
SP,00.740.600/0001-96
SP,57.574.873/0001-25
SP,09.388.978/0001-47
SP,08.285.006/0001-64
SP,07.010.687/0001-95
SP,03.333.322/0001-40
SP,12.317.357/0001-87
SP,04.615.148/0001-91
SP,"57.188.443/0001-75, 02.606.843/0001-61, 10.296.980/0001-75"
SP,03.971.078/0001-41
SP,"07.156.116/0001-63, 08.912.100/0001-04"
SP,53.858.312/0001-05
SP,47.064.092/0001-37
SP,05.341.422/0001-44
SP,02.395.462/0001-80
SP,54.947.908/0001-36
SP,60.572.658/0001-08
SP,91.964.247/0001-83
SP,05.953.553/0001-82
SP,43.164.565/0001-17
SP,05.784.684/0001-83
SP,"68.481.548/0001-34, 10.675.530/0001-93"
SP,"08.967.103/0001-37, 09.112.452/0001-30, 08.879.007/0001-37"
SP,04.138.529/0001-27
SP,"10.619.983/0001-00, 04.802.081/0001-02"
SP,67.802.728/0001-08
SP,03.469.003/0001-67
SP,05.855.748/0001-90
SP,18.530.640/0001-79
SP,07.413.182/0001-71
SP,01.838.026/0001-76
SP,"01.070.690/0001-18, 59.531.889/0001-86"
SP,12.872.193/0001-50
SP,03.581.470/0001-84
SP,71.947.642/0001-40
SP,"06.041.356/0001-50, 08.952.048/0001-01"
SP,"71.325.617/0001-25, 62.004.031/0001-78"
SP,"01.382.912/0001-38, 00.137.970/0001-33, 06.206.008/0001-95, 07.245.496/0001-02, 07.736.245/0001-20"
SP,50.119.742/0001-09
SP,45.783.289/0001-09
SP,04.909.359/0001-37
SP,04.057.697/0001-98
SP,53.653.242/0001-40
SP,"09.226.906/0001-01, 67.431.577/0001-29, 56.478.506/0001-65, 50.495.688/0001-04, 45.891.199/0001-23"
SP,61.647.400/0001-88
SP,64.924.533/0001-42
SP,"06.068.745/0001-79, 43.366.111/0001-29"
SP,61.730.669/0001-23
SP,"57.442.774/0001-90, 02.417.926/0001-02"
SP,05.989.257/0001-31
SP,"50.611.433/0001-51, 61.529.269/0001-54, 77.073.401/0001-04"
SP,"07.097.921/0002-44, 03.097.446/0001-74"
SP,00.243.871/0001-36
SP,"74.467.457/0001-47, 17.654.818/0001-20, 05.383.007/0001-53"
SP,07.671.666/0001-10
SP,06.862.770/0001-20
SP,"07.779.347/0001-23, 10.802.459/0001-62, 10.633.570/0001-72"
SP,50.893.700/0001-20
SP,"13.158.435/0001-00, 17.326.060/0001-00"
SP,51.123.339/0001-16
SP,"61.159.968/0001-50, 44.275.121/0001-11"
SP,06.249.465/0001-67
SP,04.759.422/0001-04
SP,10.574.778/0001-68
SP,"49.416.902/0001-00, 09.404.673/0001-81, 10.581.149/0001-65"
SP,00.446.995/0001-19
SP,"66.007.857/0001-41, 09.616.072/0001-32"
SP,57.410.870/0001-56
SP,02.795.000/0001-50
SP,"07.087.517/0001-09, 64.897.028/0001-56, 10.560.345/0001-53"
SP,55.073.530/0001-51
SP,08.242.640/0001-10
SP,67.419.960/0001-61
SP,02.672.714/0001-71
SP,53.471.835/0001-96
SP,"60.739.216/0001-03, 01.747.501/0001-07"
SP,21.417.990/0001-38
SP,01.679.718/0001-19
SP,06.332.528/0001-44
SP,02.091.755/0001-74
SP,01.703.103/0001-80
SP,13.331.851/0001-69
SP,"57.440.604/0001-76, 38.922.688/0001-30"
SP,00.984.384/0001-24
SP,05.820.439/0001-84
SP,15.217.677/0001-53
SP,12.426.339/0001-33
SP,"58.682.774/0001-20, 49.004.658/0001-60"
SP,52.828.936/0001-09
SP,07.605.782/0001-31
SP,11.075.831/0001-49
SP,09.099.407/0001-92
SP,18.512.304/0001-01
SP,11.332.321/0001-00
SP,07.485.335/0001-96
SP,59.165.902/0003-92
SP,56.449.531/0001-10
SP,11.707.316/0001-34
SP,00.244.953/0001-03
SP,10.233.825/0001-00
SP,08.158.091/0001-08
SP,11.674.163/0001-76
SP,08.363.337/0001-75
SP,49.316.524/0001-85
SP,"11.109.802/0001-50, 13.034.984/0001-73"
SP,08.775.313/0001-23
SP,04.852.528/0002-20
SP,09.086.855/0001-51
SP,"45.357.407/0001-09, 45.357.407/0003-70, 12.419.209/0001-73"
SP,67.290.858/0001-09
SP,66.920.794/0001-10
SP,"58.812.108/0001-69, 10.651.039/0001-22"
SP,07.703.480/0001-04
SP,45.170.289/0001-25
SP,59.488.742/0001-50
SP,01.206.960/0001-75
SP,61.410.395/0001-95
SP,03.324.933/0001-22
SP,74.355.363/0001-86
SP,"12.053.983/0001-03, 09.056.624/0001-03, 03.936.008/0001-52"
SP,00.841.598/0001-41
SP,02.315.916/0001-66
SP,68.075.613/0001-21
SP,"55.334.098/0001-05, 55.334.098/0002-96, 23.098.594/0001-10"
SP,00.008.572/0001-17
SP,61.204.202/0001-40
SP,01.402.787/0001-80
SP,56.883.523/0001-88
SP,45.731.932/0001-42
SP,08.310.454/0001-70
SP,03.170.870/0001-05
SP,04.783.467/0001-06
SP,04.886.858/0001-56
SP,11.457.034/0001-26
SP,01.455.616/0001-10
SP,02.719.610/0001-75
SP,"04.860.830/0001-40, 15.174.197/0001-52"
SP,08.026.671/0001-33
SP,"05.003.669/0001-50, 05.150.771/0001-89"
SP,10.956.796/0001-04
SP,61.235.123/0001-04
SP,03.362.338/0001-81
SP,45.233.285/0005-72
SP,"56.220.759/0001-34, 50.054.030/0001-59, 06.296.031/0001-18"
SP,"11.111.905/0001-55, 03.344.307/0001-06"
SP,07.180.164/0001-97
SP,69.119.782/0001-89
SP,08.420.833/0001-13
SP,67.326.207/0001-21
SP,02.720.255/0001-54
SP,04.667.157/0001-26
SP,11.328.730/0001-32
SP,04.437.900/0001-51
SP,15.635.926/0001-20
SP,01.390.538/0001-12
SP,71.688.444/0001-00
SP,13.333.969/0001-26
SP,43.119.585/0001-76
SP,71.826.473/0001-90
SP,13.583.865/0001-70
SP,08.323.046/0001-53
SP,58.730.292/0001-06
SP,11.675.282/0001-43
SP,50.833.011/0001-20
SP,12.645.656/0001-40
SP,06.241.438/0001-48
SP,05.977.956/0001-61
SP,07.374.216/0001-66
SP,08.479.079/0001-97
SP,03.272.733/0001-73
SP,61.555.728/0001-74
SP,09.494.970/0001-65
SP,"62.771.696/0001-07, 06.295.457/0001-57"
SP,05.303.179/0001-70
SP,08.528.260/0001-46
SP,45.265.014/0001-75
SP,10.450.894/0001-75
SP,07.213.588/0001-00
SP,11.190.033/0001-68
SP,02.738.044/0001-49
SP,61.079.380/0001-96
SP,43.374.289/0001-11
SP,"05.975.111/0001-37, 48.622.237/0001-30, 03.610.001/0001-46"
SP,74.624.131/0001-86
SP,"07.409.404/0001-82, 13.031.213/0001-22, 07.319.801/0001-63"
SP,45.522.364/0001-70
SP,65.854.507/0002-39
SP,11.362.700/0001-42
SP,10.750.659/0001-19
SP,04.625.664/0001-05
SP,01.167.573/0001-77
SP,62.053.921/0001-70
SP,10.310.483/0001-84
SP,47.080.197/0001-80
SP,08.114.391/0001-87
SP,03.092.021/0001-72
SP,04.444.854/0001-18
SP,59.721.688/0001-41
SP,08.052.240/0001-41
SP,05.662.171/0001-08
SP,00.660.802/0001-28
SP,10.930.273/0001-99
SP,03.776.647/0001-06
SP,04.935.403/0001-83
SP,02.974.694/0001-93
SP,07.543.049/0001-30
SP,09.345.189/0001-29
SP,71.690.374/0001-24
SP,02.373.715/0001-15
SP,"10.306.996/0001-11, 02.359.147/0001-06, 96.240.510/0001-05, 05.264.919/0001-06, 12.041.144/0001-75, 02.824.077/0001-01, 05.993.938/0001-73, 67.948.794/0001-90, 07.304.196/0001-57, 05.259.165/0001-04, 05.248.983/0001-01"
SP,54.516.802/0001-88
SP,05.252.999/0002-60
SP,29.949.414/0001-43
SP,10.238.568/0001-07
SP,00.546.438/0001-70
SP,05.728.235/0001-18
SP,66.889.429/0001-90
SP,04.260.026/0001-20
SP,"00.470.111/0001-61, 05.391.371/0002-46, 07.424.129/0001-76, 07.185.183/0003-78"
SP,62.388.897/0001-20
SP,56.459.977/0001-26
SP,45.644.390/0002-51
SP,09.086.863/0001-06
SP,"04.463.227/0001-24, 07.249.351/0001-80, 07.763.749/0001-30, 09.223.844/0003-38"
SP,10.492.702/0003-55
SP,04.565.265/0001-98
SP,51.311.330/0001-39
SP,00.606.375/0001-08
SP,01.776.176/0001-00
SP,03.199.851/0001-01
SP,06.156.003/0001-03
SP,"48.172.373/0001-76, 00.805.108/0001-51"
SP,"59.461.582/0001-56, 56.478.357/0001-34, 43.970.961/0001-31, 04.865.433/0001-60, 07.450.197/0001-00, 07.062.964/0001-03"
SP,"64.632.003/0001-20, 07.657.545/0001-14"
SP,"43.970.417/0001-90, 59.359.323/0001-19"
SP,10.691.571/0001-73
SP,47.079.496/0001-02
SP,49.991.367/0001-03
SP,07.020.416/0001-10
SP,"07.393.662/0001-18, 09.631.157/0001-90"
SP,69.338.739/0001-04
SP,"05.833.505/0001-50, 10.530.765/0001-97, 07.368.711/0001-62"
SP,08.447.044/0001-76
SP,"48.131.437/0001-90, 11.245.802/0001-88, 44.384.832/0001-24, 28.908.804/0001-02, 14.376.238/0001-20, 16.683.402/0001-78, 17.443.178/0001-00, 54.178.215/0001-26"
SP,"61.837.191/0001-35, 10.301.392/0001-82, 12.981.580/0001-24"
SP,57.692.410/0001-68
SP,06.080.951/0001-02
SP,62.429.485/0001-90
SP,"66.108.804/0001-17, 06.223.054/0001-00"
SP,07.447.720/0001-49
SP,09.068.654/0001-21
SP,68.100.064/0001-06
SP,43.562.859/0001-05
SP,"00.010.205/0001-58, 65.628.083/0001-03"
SP,05.019.424/0001-11
SP,07.536.973/0001-99
SP,"03.180.021/0001-24, 15.330.463/0001-99"
SP,11.403.727/0001-36
SP,01.141.767/0001-01
SP,58.901.117/0001-26
SP,"59.050.864/0001-60, 00.876.500/0001-91"
SP,"03.021.560/0001-10, 02.913.271/0001-63, 05.388.221/0001-00, 65.736.878/0001-35, 05.281.763/0001-71"
SP,61.413.852/0001-03
SP,07.215.698/0001-01
SP,05.863.596/0001-77
SP,43.607.886/0001-49
SP,57.482.887/0001-19
SP,73.001.851/0001-22
SP,06.283.893/0001-06
SP,62.403.431/0001-56
SP,04.503.014/0001-89
SP,"44.995.595/0001-38, 05.746.642/0001-58"
SP,01.222.423/0001-19
SP,"14.691.233/0001-92, 18.933.109/0001-47"
SP,46.416.319/0001-01
SP,03.913.265/0001-79
SP,10.952.396/0001-20
SP,"43.932.102/0001-58, 08.614.277/0001-16, 08.196.233/0001-13, 45.898.574/0001-67, 08.450.812/0001-40, 10.651.227/0001-50, 11.675.284/0001-32, 11.355.573/0001-54, 75.177.857/0001-80, 81.264.897/0001-62, 06.960.345/0001-73"
SP,59.451.724/0001-02
SP,01.050.021/0001-84
SP,17.377.101/0001-89
SP,10.716.829/0001-49
SP,56.723.091/0001-48
SP,03.764.058/0001-08
SP,03.795.595/0001-07
SP,04.591.409/0001-80
SP,09.418.871/0001-02
SP,57.287.245/0001-69
SP,12.839.578/0001-15
SP,15.784.477/0001-82
SP,12.480.768/0001-99
SP,11.484.513/0001-31
SP,00.225.574/0001-68
SP,58.503.186/0001-81
SP,05.605.201/0001-36
SP,06.189.743/0001-38
SP,07.690.743/0001-80
SP,11.509.492/0001-61
SP,11.821.174/0001-31
SP,10.777.579/0001-57
SP,61.159.844/0001-74
SP,"19.138.878/0001-16, 11.005.362/0001-91, 12.415.534/0001-68, 13.708.727/0001-70, 14.436.180/0001-63"
SP,"62.019.351/0001-00, 04.527.572/0001-84, 57.580.656/0001-48, 11.712.622/0001-69"
SP,16.666.351/0001-76
SP,14.570.854/0001-18
SP,"01.284.131/0001-00, 07.780.983/0001-75"
SP,53.026.472/0001-80
SP,57.960.270/0001-61
SP,"55.624.498/0002-36, 55.624.498/0003-17, 55.624.498/0004-06, 55.624.498/0005-89, 55.624.498/0006-60, 55.624.498/0007-40, 55.624.498/0008-21, 55.624.498/0009-02, 55.624.498/0001-55, 23.381.920/0001-00"
SP,00.215.716/0001-06
SP,09.090.084/0001-76
SP,05.738.250/0001-47
SP,09.086.071/0001-23
SP,"65.938.151/0001-30, 07.402.393/0001-09, 08.898.822/0001-43"
SP,58.953.423/0001-06
SP,"61.065.298/0001-02, 08.470.524/0001-58, 01.538.457/0001-17"
SP,57.798.639/0001-81
SP,02.498.846/0001-29
SP,01.210.847/0001-63
SP,"07.494.035/0001-73, 71.591.622/0001-80"
SP,"45.773.967/0001-44, 72.829.518/0001-43"
SP,"05.890.499/0001-73, 13.838.711/0001-81"
SP,"02.502.917/0001-10, 61.813.580/0001-20"
SP,"11.188.873/0001-96, 56.417.652/0001-80, 10.316.611/0001-05, 11.770.189/0001-18"
SP,01.893.091/0001-02
SP,10.397.583/0001-90
SP,"14.742.375/0001-31, 08.385.421/0001-90, 10.795.776/0001-07, 13.556.818/0001-37"
SP,09.222.864/0001-22
SP,00.340.320/0001-90
SP,"03.484.616/0001-73, 02.967.530/0001-39"
SP,69.162.089/0001-99
SP,02.627.927/0001-81
SP,08.433.136/0001-05
SP,08.140.347/0001-41
SP,06.957.899/0001-11
SP,00.024.952/0001-45
SP,57.069.072/0001-02
SP,"08.656.481/0001-08, 06.981.479/0001-70, 08.379.309/0001-46, 01.333.272/0001-76, 06.258.806/0001-60"
SP,"07.013.791/0001-33, 09.121.622/0001-42"
SP,14.838.832/0001-96
SP,47.019.120/0001-02
SP,"03.910.050/0001-02, 72.675.937/0001-78"
SP,"88.317.847/0001-45, 03.328.084/0001-85"
SP,47.348.180/0001-60
SP,72.675.937/0001-78
SP,01.281.020/0001-40
SP,46.686.465/0001-49
SP,07.317.967/0001-40
SP,04.990.267/0001-24
SP,03.985.944/0001-53
SP,"24.640.211/0001-57, 07.893.010/0001-42"
SP,"02.899.027/0001-93, 07.270.822/0001-31, 03.236.074/0001-10"
SP,"08.970.866/0001-37, 56.558.703/0001-94, 02.871.188/0001-79"
SP,04.008.318/0001-70
SP,11.050.343/0001-87
SP,"53.008.751/0001-10, 07.553.320/0001-18, 07.553.326/0001-95"
SP,08.949.930/0001-06
SP,54.664.222/0001-38
SP,"04.139.235/0001-10, 09.288.548/0001-53"
SP,55.820.583/0001-99
SP,"05.818.663/0001-31, 05.818.663/0002-12"
SP,"01.941.678/0001-31, 07.362.190/0001-36, 01.538.372/0001-39, 65.146.961/0001-54, 17.978.388/0001-00, 61.192.597/0001-08, 18.358.051/0001-55, 24.997.934/0001-08, 59.591.974/0001-30, 56.990.625/0001-00"
SP,61.069.050/0001-10
SP,09.380.397/0001-69
SP,03.667.959/0001-73
SP,55.999.569/0001-02
SP,56.473.317/0001-08
SP,"53.416.038/0001-06, 12.641.461/0001-22, 04.211.681/0001-98, 13.055.824/0001-00, 04.211.620/0001-20, 49.131.667/0001-12, 67.854.299/0001-12, 53.418.976/0001-45, 62.371.224/0001-67"
SP,51.452.910/0001-46
SP,47.668.397/0001-58
SP,"67.049.825/0001-71, 00.250.807/0001-82"
SP,62.024.682/0001-20
SP,12.127.333/0001-65
SP,66.950.536/0001-86
SP,61.391.637/0001-40
SP,59.297.937/0001-13
SP,21.559.384/0001-57
SP,"71.843.387/0001-96, 10.536.058/0001-08, 10.536.102/0001-80, 08.196.234/0001-68"
SP,96.222.302/0001-83
SP,"02.354.269/0001-00, 07.001.784/0001-11, 15.411.115/0001-46"
SP,51.833.994/0001-68
SP,"18.416.456/0001-00, 10.680.869/0001-88, 10.453.128/0001-64, 07.272.752/0001-50, 00.928.832/0001-72, 19.361.582/0001-60, 04.760.242/0001-34, 68.895.143/0001-42"
SP,02.328.294/0001-00
SP,48.818.918/0001-79
SP,"71.320.949/0001-17, 71.320.931/0001-15, 47.038.088/0001-02"
SP,02.457.179/0001-36
SP,"00.959.458/0001-72, 61.075.594/0001-94, 12.741.020/0001-00, 09.264.723/0001-72"
SP,02.521.555/0001-04
SP,58.197.120/0001-00
SP,"01.906.952/0001-31, 04.909.848/0002-70"
SP,05.388.664/0001-93
SP,"60.681.749/0001-73, 09.077.203/0001-50, 44.885.986/0001-08"
SP,09.185.894/0001-06
SP,"69.077.683/0001-81, 58.164.971/0001-57, 58.258.534/0001-00"
SP,"05.401.031/0001-78, 03.079.048/0001-25, 04.344.527/0001-94, 03.772.478/0001-28"
SP,00.488.073/0001-74
SP,56.993.389/0001-78
SP,13.657.191/0001-00
SP,03.238.158/0001-92
SP,19.588.650/0001-28
SP,71.583.694/0001-85
SP,01.303.454/0001-02
SP,06.234.065/0001-88
SP,"61.403.176/0001-89, 59.925.743/0001-15"
SP,12.022.664/0001-30
SP,18.734.190/0001-36
SP,97.528.708/0001-51
SP,10.268.620/0001-60
SP,"04.092.064/0001-10, 26.488.951/0001-45, 26.416.559/0001-90, 26.493.249/0001-70, 26.416.573/0001-94"
SP,05.671.757/0001-20
SP,43.965.573/0001-62
SP,07.279.776/0001-31
SP,17.047.756/0001-99
SP,05.284.581/0001-54
SP,96.395.538/0001-11
SP,08.001.251/0001-00
SP,60.648.557/0001-65
SP,04.766.470/0001-11
SP,15.301.274/0001-98
SP,15.144.075/0001-13
SP,08.877.186/0001-73
SP,15.248.257/0001-34
SP,53.170.866/0001-07
SP,03.143.053/0001-50
SP,01.499.552/0001-59
SP,"01.512.863/0001-00, 06.921.505/0001-75, 02.997.100/0001-60, 71.876.171/0001-27, 06.537.929/0001-30, 44.823.193/0001-56, 07.421.256/0001-11, 01.943.354/0001-32, 01.563.032/0001-68, 21.304.115/0001-40, 21.636.421/0001-83"
SP,12.400.062/0001-70
SP,03.039.973/0001-22
SP,51.295.210/0001-95
SP,60.372.026/0001-92
SP,71.796.536/0001-03
SP,05.118.231/0001-18
SP,15.322.725/0001-73
SP,69.309.706/0001-36
SP,"54.373.451/0001-01, 96.423.280/0001-10"
SP,"07.250.997/0001-87, 21.147.838/0001-82, 12.334.060/0002-00"
SP,"03.081.434/0001-51, 61.086.609/0001-10, 00.999.046/0001-66"
SP,03.521.194/0001-69
SP,01.874.255/0001-46
SP,05.411.595/0001-91
SP,"18.460.235/0001-21, 18.950.229/0001-52, 04.946.520/0001-42, 61.360.921/0001-50"
SP,71.259.873/0001-61
SP,06.257.338/0001-00
SP,10.619.312/0001-31
SP,07.056.124/0001-38
SP,03.966.035/0001-78
SP,"54.253.661/0001-58, 07.868.899/0001-08"
SP,53.360.707/0001-75
SP,73.153.777/0001-60
SP,52.621.786/0001-68
SP,61.515.326/0001-46
SP,"07.265.939/0001-27, 04.868.167/0001-20"
SP,"47.618.087/0001-29, 47.618.087/0003-90, 47.618.087/0002-00, 47.618.087/0005-52"
SP,12.474.077/0001-82
SP,55.329.627/0001-82
SP,08.787.819/0001-52
SP,69.173.268/0001-21
SP,07.581.765/0001-01
SP,68.036.235/0001-77
SP,00.767.741/0001-00
SP,11.387.905/0001-82
SP,04.534.393/0001-74
SP,61.692.422/0001-60
SP,08.778.562/0001-72
SP,05.335.594/0001-05
SP,"05.235.912/0001-66, 02.426.588/0001-75"
SP,13.079.225/0001-27
SP,02.276.340/0001-75
SP,08.161.140/0001-53
SP,"05.030.941/0001-91, 07.776.445/0001-07, 62.203.187/0001-88"
SP,05.971.852/0001-40
SP,"03.206.710/0001-60, 04.825.708/0001-32, 06.168.326/0001-09, 05.669.638/0001-33"
SP,"58.507.468/0001-57, 14.983.715/0001-16"
SP,10.431.683/0001-95
SP,"67.087.411/0001-37, 04.010.933/0001-10"
SP,18.681.454/0001-30
SP,49.095.011/0001-91
SP,58.171.349/0001-76
SP,64.549.330/0001-13
SP,00.006.010/0001-34
SP,12.812.586/0001-78
SP,54.365.416/0001-32
SP,"08.653.697/0001-01, 11.573.495/0001-64, 05.850.071/0001-05, 11.404.873/0001-86"
SP,10.450.964/0001-95
SP,"02.654.279/0001-52, 19.176.715/0001-28"
SP,61.222.568/0001-41
SP,08.637.511/0001-20
SP,03.375.846/0001-02
SP,44.478.451/0001-04
SP,44.700.375/0001-30
SP,58.500.901/0001-22
SP,08.720.764/0001-63
SP,17.997.782/0001-88
SP,64.511.561/0001-38
SP,13.500.118/0001-20
SP,09.169.132/0001-16
SP,53.732.962/0001-00
SP,04.494.544/0001-08
SP,05.827.094/0001-90
SP,"02.338.823/0001-57, 08.830.874/0001-88, 09.271.762/0001-05, 10.603.674/0001-34"
SP,11.009.596/0001-07
SP,10.338.855/0001-80
SP,05.603.707/0001-06
SP,59.411.413/0001-01
SP,55.372.064/0001-05
SP,04.721.142/0001-07
SP,62.689.864/0001-10
SP,00.975.846/0001-47
SP,02.319.331/0001-14
SP,04.179.648/0001-28
SP,11.924.705/0001-11
SP,"10.209.937/0001-25, 02.086.067/0001-16, 11.675.818/0001-20, 09.229.512/0001-07"
SP,"06.099.019/0001-13, 03.493.870/0001-38"
SP,07.809.706/0001-48
SP,60.739.893/0001-13
SP,"02.825.219/0001-55, 10.177.361/0001-61, 14.713.839/0001-81, 11.608.302/0001-63, 13.358.140/0001-88"
SP,"09.074.148/0001-45, 06.194.010/0001-91"
SP,60.881.448/0001-93
SP,"44.022.424/0005-56, 53.158.705/0001-06, 50.421.254/0001-51"
SP,"02.504.260/0001-20, 04.061.264/0001-06"
SP,"50.426.386/0001-76, 57.762.882/0001-40, 68.906.932/0001-31"
SP,19.381.910/0001-90
SP,01.858.634/0001-42
SP,46.529.590/0003-07
SP,52.239.654/0001-76
SP,"02.278.534/0001-00, 66.158.759/0001-05"
SP,"44.984.490/0004-26, 07.953.507/0001-09, 09.063.548/0001-55, 15.444.904/0001-83, 07.131.073/0001-61, 19.624.591/0001-04, 08.861.919/0001-81, 09.160.481/0001-77"
SP,"60.479.045/0001-12, 22.477.687/0001-93"
SP,"66.761.396/0001-06, 03.346.200/0001-99, 12.614.197/0001-38, 04.948.288/0001-81"
SP,"07.450.247/0001-59, 02.286.609/0001-02, 04.590.028/0001-87"
SP,18.608.245/0001-61
SP,"05.598.083/0001-86, 06.322.160/0001-33, 08.158.787/0001-26, 08.339.503/0001-06, 08.809.694/0001-14, 08.913.351/0001-03, 07.751.396/0001-58"
SP,12.074.067/0001-50
SP,11.656.555/0001-02
SP,"50.109.271/0001-58, 54.360.912/0001-01, 67.541.961/0002-65, 48.170.757/0001-50, 57.909.863/0001-01"
SP,54.394.630/0001-17
SP,01.512.260/0001-09
SP,69.045.425/0001-13
SP,07.137.899/0001-38
SP,"61.098.869/0001-05, 58.798.653/0001-48"
SP,"44.569.697/0001-91, 03.625.818/0001-98, 03.625.818/0002-79, 03.625.818/0003-50, 11.129.633/0001-10"
SP,"23.613.756/0001-01, 23.613.772/0001-02"
SP,78.147.105/0005-99
SP,"14.281.916/0001-71, 09.074.932/0001-53"
SP,44.207.223/0001-08
SP,49.154.396/0001-10
SP,53.776.639/0001-20
SP,45.101.334/0001-90
SP,"11.771.304/0001-79, 11.771.304/0002-50"
SP,04.774.215/0001-10
SP,45.384.096/0001-77
SP,09.664.479/0001-35
SP,00.459.601/0001-67
SP,"96.424.114/0001-38, 08.280.014/0001-18"
SP,44.826.246/0005-16
SP,03.200.503/0001-07
SP,60.965.555/0001-08
SP,"02.544.271/0001-33, 53.869.921/0001-51, 05.484.276/0001-06"
SP,61.348.660/0001-52
SP,01.639.481/0001-42
SP,07.087.872/0001-88
SP,00.303.871/0001-84
SP,43.240.043/0001-57
SP,57.912.255/0001-48
SP,62.040.084/0001-44
SP,72.077.738/0001-68
SP,"00.782.420/0001-77, 05.827.587/0001-20, 05.799.241/0001-66, 03.336.193/0001-44"
SP,01.447.320/0001-57
SP,"54.516.133/0001-44, 54.516.133/0004-97, 54.516.133/0006-59, 54.516.133/0008-10, 54.516.133/0010-35, 54.516.133/0013-88, 54.516.133/0011-16, 54.516.133/0012-05, 54.516.133/0009-00, 54.516.133/0007-30, 05.684.953/0001-30, 09.019.073/0001-08, 10.262.600/0001-81, 19.313.457/0001-84, 05.703.032/0001-77, 13.867.448/0001-59"
SP,05.331.010/0001-23
SP,"62.858.352/0001-30, 10.815.501/0001-80"
SP,13.300.818/0001-71
SP,04.659.973/0001-98
SP,01.138.739/0001-27
SP,05.382.907/0001-86
SP,07.425.506/0001-91
SP,08.253.738/0001-72
SP,04.425.806/0001-82
SP,06.295.870/0001-11
SP,"60.401.361/0001-71, 01.417.517/0001-43, 04.264.042/0001-90, 10.482.095/0001-80"
SP,00.388.174/0001-73
SP,10.416.712/0001-40
SP,66.881.384/0001-07
SP,14.175.173/0001-55
SP,08.403.078/0001-69
SP,02.564.325/0001-22
SP,11.907.717/0001-38
SP,04.118.586/0001-44
SP,15.647.535/0001-26
SP,08.053.847/0001-46
SP,00.914.422/0001-72
SP,52.078.284/0001-32
SP,"05.391.371/0001-65, 07.424.129/0001-76, 07.185.183/0001-06, 00.470.111/0001-61"
SP,10.967.201/0001-16
SP,14.335.797/0001-92
SP,10.338.236/0001-96
SP,01.645.011/0001-91
SP,10.591.768/0001-30
SP,07.087.675/0001-69
SP,03.908.337/0001-90
SP,07.718.939/0001-35
SP,01.545.952/0001-53
SP,10.521.584/0001-02
SP,"48.782.924/0001-13, 48.073.415/0001-11, 48.436.711/0001-30"
SP,13.676.817/0001-26
SP,13.441.108/0001-61
SP,01.294.425/0001-13
SP,04.327.639/0001-37
SP,11.100.023/0001-94
SP,03.276.291/0001-33
SP,45.426.798/0001-76
SP,50.334.614/0001-88
SP,14.433.440/0001-47
SP,"55.334.569/0001-85, 11.781.567/0001-69, 15.399.941/0001-17, 18.641.301/0001-60, 18.525.660/0001-51, 18.525.660/0002-32, 18.525.660/0003-13"
SP,"67.590.711/0001-34, 56.215.221/0001-31"
SP,"12.455.817/0001-33, 06.935.009/0001-70, 11.219.311/0001-62, 05.548.514/0001-08, 16.832.872/0001-56, 10.675.901/0001-37, 10.994.025/0001-01, 16.776.929/0001-47"
SP,05.133.898/0001-90
SP,60.703.188/0001-66
SP,03.243.940/0001-08
SP,10.602.152/0001-18
SP,03.889.440/0001-30
SP,72.908.239/0001-75
SP,01.524.043/0001-39
SP,06.213.025/0001-50
SP,44.803.666/0001-53
SP,"02.861.225/0001-68, 01.046.824/0001-65"
SP,55.194.534/0001-98
SP,"09.566.698/0001-81, 63.639.868/0001-56"
SP,44.834.968/0001-99
SP,01.247.578/0001-00
SP,"48.303.333/0001-16, 50.118.389/0001-42"
SP,56.380.132/0001-40
SP,02.845.955/0001-75
SP,"59.363.663/0001-13, 19.248.094/0001-40"
SP,62.207.998/0001-57
SP,00.964.351/0001-12
SP,38.924.551/0001-14
SP,11.819.944/0001-01
SP,62.707.088/0001-33
SP,02.562.482/0001-07
SP,47.026.372/0001-50
SP,"04.646.722/0001-79, 21.346.828/0001-76"
SP,"11.210.052/0001-09, 67.750.869/0001-24, 09.209.490/0001-05"
SP,61.187.043/0001-12
SP,02.491.616/0001-38
SP,10.460.416/0002-27
SP,"05.068.650/0001-92, 06.745.682/0001-48, 03.731.548/0001-08"
SP,62.544.887/0001-36
SP,05.317.471/0001-41
SP,02.219.054/0001-78
SP,49.493.653/0001-49
SP,08.835.377/0001-72
SP,53.334.157/0001-10
SP,43.796.341/0001-28
SP,57.820.698/0001-09
SP,00.408.307/0001-26
SP,03.862.847/0001-73
SP,49.246.432/0001-76
SP,60.631.090/0001-40
SP,56.173.370/0001-85
SP,61.359.485/0001-07
SP,04.881.347/0001-41
SP,"09.497.766/0001-06, 00.674.835/0001-27, 08.772.381/0001-39"
SP,"08.398.568/0001-14, 14.751.654/0001-61"
SP,03.077.142/0001-45
SP,07.110.993/0001-01
SP,14.517.350/0001-34
SP,55.001.705/0001-15
SP,04.491.132/0001-14
SP,62.580.360/0001-67
SP,12.720.841/0001-52
SP,59.172.791/0001-80
SP,07.586.570/0001-54
SP,01.469.871/0001-11
SP,04.879.204/0001-03
SP,"67.369.512/0001-09, 01.734.943/0001-00"
SP,04.032.707/0001-30
SP,55.261.291/0001-63
SP,62.773.288/0001-94
SP,"05.578.339/0001-93, 11.201.379/0001-14"
SP,07.350.607/0001-40
SP,01.784.833/0001-53
SP,43.225.192/0001-47
SP,"53.798.229/0001-80, 09.029.126/0001-63"
SP,47.355.292/0001-49
SP,47.962.709/0001-31
SP,11.354.197/0001-83
SP,"07.686.388/0001-75, 09.146.471/0001-87"
SP,"50.936.335/0001-94, 03.954.405/0001-57"
SP,05.222.234/0001-05
SP,10.705.110/0001-02
SP,46.732.210/0001-75
SP,10.638.495/0001-32
SP,50.423.383/0001-89
SP,73.047.656/0001-33
SP,"60.918.968/0001-23, 61.224.267/0001-57, 09.222.352/0001-66, 52.317.435/0001-68, 07.420.538/0001-02"
SP,09.479.630/0001-65
SP,"62.573.621/0001-11, 04.641.863/0001-07"
SP,61.440.913/0001-13
SP,08.504.271/0001-96
SP,08.602.597/0001-56
SP,"02.434.919/0001-19, 05.458.388/0001-92, 11.574.584/0001-25"
SP,04.303.917/0001-16
SP,59.872.762/0001-20
SP,68.176.015/0001-49
SP,09.221.014/0001-00
SP,11.385.395/0001-04
SP,"03.027.918/0001-12, 12.415.374/0001-57, 12.514.383/0001-03, 12.237.705/0001-06"
SP,02.388.923/0001-98
SP,17.010.438/0001-53
SP,64.921.901/0001-07
SP,04.399.024/0001-16
SP,07.033.973/0001-76
SP,"61.584.140/0001-49, 04.169.257/0001-22, 02.139.940/0001-91, 45.661.048/0001-89, 60.876.075/0001-62"
SP,61.717.468/0001-96
SP,"07.055.902/0001-74, 02.493.897/0001-68"
SP,29.414.117/0001-01
SP,46.037.297/0001-60
SP,56.993.900/0001-31
SP,02.096.649/0001-83
SP,50.346.824/0001-96
SP,49.669.104/0001-82
SP,"03.829.505/0001-51, 06.214.579/0001-71"
SP,60.673.001/0001-29
SP,10.337.072/0001-82
SP,55.814.784/0001-83
SP,10.703.519/0001-90
SP,00.502.176/0001-41
SP,12.474.220/0001-36
SP,60.715.703/0001-28
SP,54.190.319/0001-56
SP,"03.338.784/0001-50, 05.538.024/0001-12"
SP,58.834.268/0001-09
SP,"43.204.643/0001-60, 09.506.390/0001-40"
SP,00.512.777/0001-35
SP,20.908.157/0001-27
SP,04.543.630/0001-63
SP,01.197.835/0001-46
SP,66.175.571/0001-75
SP,47.388.533/0001-56
SP,45.285.442/0001-60
SP,"10.555.362/0001-00, 67.138.263/0001-32"
SP,"59.932.467/0001-12, 05.309.648/0001-68, 10.221.719/0001-06"
SP,03.227.322/0001-66
SP,09.365.665/0001-73
SP,01.291.623/0001-23
SP,58.056.482/0001-81
SP,15.628.187/0001-40
SP,10.451.049/0001-14
SP,13.208.072/0001-70
SP,08.534.940/0001-72
SP,06.273.223/0001-09
SP,52.871.407/0001-98
SP,52.908.423/0001-08
SP,08.891.204/0001-71
SP,61.116.075/0001-27
SP,44.167.252/0001-85
SP,08.792.986/0001-91
SP,43.081.421/0001-05
SP,10.688.639/0001-65
SP,08.618.079/0001-20
SP,03.235.469/0001-06
SP,11.113.342/0001-34
SP,00.952.110/0001-53
SP,11.340.754/0001-07
SP,"11.751.834/0001-55, 09.506.514/0001-98, 57.983.645/0001-09"
SP,10.392.481/0001-81
SP,05.874.827/0001-48
SP,03.110.730/0001-33
SP,45.145.075/0001-07
SP,52.604.287/0001-62
SP,08.443.084/0001-40
SP,55.859.656/0001-56
SP,49.524.192/0001-24
SP,02.234.246/0001-53
SP,13.256.637/0001-95
SP,07.495.622/0001-87
SP,"55.275.911/0001-13, 04.070.276/0001-05, 10.306.294/0001-38, 62.022.546/0001-09"
SP,58.225.616/0001-40
SP,68.194.208/0001-22
SP,"46.520.110/0001-85, 13.115.995/0001-88"
SP,"10.206.966/0001-33, 10.206.866/0001-07, 57.329.997/0001-45, 10.206.980/0001-37, 10.206.853/0001-38, 09.003.721/0001-20, 10.207.285/0001-90, 10.207.243/0001-59, 02.270.165/0001-09"
SP,"60.634.797/0001-00, 02.041.149/0001-44, 07.638.611/0001-09"
SP,00.807.488/0001-63
SP,57.830.390/0002-25
SP,"10.700.945/0001-70, 55.281.851/0001-41"
SP,"08.353.550/0001-04, 11.747.317/0001-02"
SP,33.022.369/0001-54
SP,67.526.301/0001-24
SP,"55.011.373/0002-30, 55.011.373/0001-50"
SP,14.239.876/0001-08
SP,47.704.747/0001-94
SP,"03.019.549/0001-16, 04.658.889/0001-50, 03.274.060/0001-90"
SP,72.911.316/0009-01
SP,"55.572.044/0001-88, 05.592.666/0001-08"
SP,"59.311.977/0001-72, 45.658.945/0001-33"
SP,"55.979.264/0001-20, 11.241.730/0001-09, 55.972.251/0001-20"
SP,06.928.877/0001-23
SP,03.886.705/0001-46
SP,02.501.608/0001-25
SP,10.548.930/0001-38
SP,13.715.428/0001-62
SP,55.261.689/0001-08
SP,61.489.381/0001-09
SP,02.726.692/0001-85
SP,03.453.345/0001-99
SP,"01.753.491/0001-04, 12.331.075/0001-34"
SP,61.012.746/0001-00
SP,02.144.472/0001-43
SP,45.993.607/0001-58
SP,"02.112.772/0001-40, 10.943.340/0001-00"
SP,03.770.961/0001-73
SP,11.190.033/0002-49
SP,03.832.818/0001-69
SP,14.490.703/0001-50
SP,67.100.941/0001-78
SP,01.780.004/0001-00
SP,05.393.739/0001-24
SP,54.885.181/0001-00
SP,"96.474.416/0001-10, 00.897.234/0001-83, 03.583.769/0001-78, 00.203.098/0001-84, 03.038.224/0001-80, 10.580.743/0001-31, 72.362.353/0001-42, 69.082.857/0001-02"
SP,44.294.593/0001-11
SP,06.274.445/0001-46
SP,44.552.677/0001-08
SP,48.847.396/0001-33
SP,57.690.711/0001-52
SP,57.786.600/0001-44
SP,05.016.732/0001-93
SP,48.546.857/0001-38
SP,69.208.916/0001-38
SP,03.196.341/0001-72
SP,03.762.892/0001-56
SP,"09.185.453/0001-04, 01.403.812/0001-40"
SP,08.955.364/0001-37
SP,61.259.099/0001-35
SP,71.604.631/0001-68
SP,08.850.672/0001-06
SP,08.531.763/0001-70
SP,45.995.388/0001-46
SP,60.887.239/0001-57
SP,67.784.934/0001-32
SP,"71.864.169/0001-38, 57.051.187/0001-70, 60.120.458/0001-06"
SP,62.233.770/0001-31
SP,13.639.757/0001-71
SP,05.606.979/0001-60
SP,"00.477.319/0001-02, 10.246.572/0001-09"
SP,43.534.163/0004-00
SP,18.366.255/0001-38
SP,"66.129.842/0001-56, 09.359.577/0001-69"
SP,"08.284.453/0001-07, 08.529.250/0001-25"
SP,14.717.574/0001-90
SP,05.931.856/0001-02
SP,10.384.419/0001-48
SP,01.350.187/0001-16
SP,46.151.338/0001-45
SP,"07.441.730/0001-77, 05.672.854/0001-38"
SP,00.946.263/0001-98
SP,04.704.887/0002-30
SP,00.783.543/0001-22
SP,08.900.840/0001-12
SP,00.292.526/0001-92
SP,96.625.066/0001-46
SP,"08.237.641/0001-76, 10.552.896/0001-75"
SP,57.563.694/0001-92
SP,03.243.221/0001-89
SP,09.623.427/0001-10
SP,01.552.064/0001-68
SP,50.141.100/0001-06
SP,05.682.260/0001-08
SP,07.618.661/0002-05
SP,"57.170.375/0001-17, 04.868.082/0001-41, 06.038.594/0001-06"
SP,02.913.263/0001-17
SP,03.487.003/0001-90
SP,61.512.687/0001-39
SP,20.910.132/0001-68
SP,05.134.829/0001-09
SP,"01.813.565/0001-50, 03.114.024/0001-60, 05.198.710/0001-91, 06.251.535/0001-11, 04.995.834/0001-35, 10.235.896/0001-41"
SP,06.317.057/0001-03
SP,02.558.199/0001-01
SP,38.936.787/0001-70
SP,"59.992.339/0001-64, 54.842.406/0001-40, 13.194.777/0001-86, 57.905.812/0001-01"
SP,61.075.552/0001-53
SP,44.690.642/0001-35
SP,05.169.121/0001-85
SP,"08.619.010/0001-11, 10.993.974/0001-77"
SP,57.582.785/0001-75
SP,18.190.938/0001-87
SP,"07.922.918/0002-29, 25.681.497/0001-81"
SP,71.743.769/0001-48
SP,46.729.257/0001-80
SP,"16.621.729/0001-15, 10.521.659/0001-47"
SP,02.550.894/0001-19
SP,18.733.676/0001-50
SP,06.907.441/0001-58
SP,03.577.003/0001-80
SP,05.534.590/0001-56
SP,10.587.052/0001-60
SP,46.743.043/0001-68
SP,59.732.297/0001-22
SP,09.312.199/0001-68
SP,67.911.388/0001-53
SP,45.046.703/0001-99
SP,"09.229.737/0001-55, 11.265.012/0001-64, 12.956.358/0001-71"
SP,47.351.655/0001-78
SP,11.085.805/0001-00
SP,"03.960.577/0001-33, 08.658.519/0001-73"
SP,15.827.521/0001-94
SP,"49.957.137/0001-28, 65.586.893/0001-44, 08.885.377/0001-87"
SP,68.351.634/0001-22
SP,14.678.492/0001-83
RS,00096748000130
RS,00099867000146
RS,00104174000102
RS,00120339000121
RS,00131299000113
RS,00155933000158
RS,00175736000109
RS,00206404000136
RS,00218077000132
RS,00246304000133
RS,00252950000103
RS,00257627000122
RS,00296526000160
RS,00350387000106
RS,00374099000191
RS,00387918000135
RS,00418171000135
RS,00445287000163
RS,00451687000181
RS,00531179000103
RS,00551519000168
RS,00551745000149
RS,00633910000101
RS,00664942000174
RS,00695765000193
RS,00779367000155
RS,00850428000123
RS,00850428000204
RS,00860197000139
RS,00921264000188
RS,00940956000173
RS,00960203000120
RS,01027223000105
RS,01081268000168
RS,01146233000160
RS,01254285000150
RS,01263181000101
RS,01266125000120
RS,01334364000170
RS,01386837000183
RS,01455133000115
RS,01506081000169
RS,01561433000189
RS,01574386000108
RS,01606913000119
RS,01622261000106
RS,01648001000100
RS,01715613000178
RS,01774180000121
RS,01825459000197
RS,01852437000205
RS,01862159000188
RS,01863881000137
RS,01896194000118
RS,01913333000174
RS,01957033000197
RS,01966135000179
RS,01968514000106
RS,02002888000127
RS,02012525000172
RS,02013256000169
RS,02049042000142
RS,02080759000157
RS,02104137000111
RS,02110251000154
RS,02168884000113
RS,02192864000269
RS,02196652000179
RS,02206703000104
RS,02249201000152
RS,02332454000195
RS,02332454000357
RS,02368015000132
RS,02434661000150
RS,02484082000112
RS,02500991000105
RS,02505168000184
RS,02536461000109
RS,02567922000100
RS,02577124000160
RS,02591697000148
RS,02669561000103
RS,02670376000139
RS,02773576000117
RS,02794729000102
RS,02797935000176
RS,02804744000194
RS,02877566000121
RS,02919303000138
RS,02955273000115
RS,02961348000170
RS,02963897000184
RS,03021102000181
RS,03055329000148
RS,03119224000105
RS,03121425000147
RS,03127541000173
RS,03133513000169
RS,03186880000120
RS,03221244000192
RS,03223698000100
RS,03233553000182
RS,03247747000137
RS,03257940000159
RS,03259214000175
RS,03273282000199
RS,03286608000112
RS,03317439000211
RS,03323519000360
RS,03329452000100
RS,03349170000174
RS,03445504000103
RS,03458812000173
RS,03484916000152
RS,03520800000121
RS,03546577000191
RS,03551361000114
RS,03563115000182
RS,03582876000181
RS,03599667000140
RS,03682786000162
RS,03705501000161
RS,03710199000130
RS,03766133000161
RS,03777492000114
RS,03782012000103
RS,03788287000154
RS,03809754000185
RS,03832860000180
RS,03840443000189
RS,03899917000168
RS,04040738000133
RS,04085834000106
RS,04110933000192
RS,04111809000141
RS,04115990000164
RS,04116397000132
RS,04144661000141
RS,04227190000135
RS,04254543000196
RS,04265280000110
RS,04297050000133
RS,04315340001134
RS,04349209000116
RS,04395316000180
RS,04405520000135
RS,04421552000124
RS,04439157000179
RS,04454813000102
RS,04478644000140
RS,04481225000168
RS,04486573000128
RS,04531370000106
RS,04540228000125
RS,04593747000151
RS,04619986000133
RS,04628177000198
RS,04747389000275
RS,04776874000196
RS,04815944000178
RS,04859689000165
RS,04866321000124
RS,04871396000101
RS,04884509000103
RS,04886596000120
RS,04887432000117
RS,04917856000187
RS,04949701000122
RS,04972338000166
RS,04977550000388
RS,04989486000193
RS,05057520000154
RS,05104046000174
RS,05106796000185
RS,05234941000103
RS,05252650000148
RS,05255986000164
RS,05260779000106
RS,05382375000187
RS,05414275000195
RS,05423617000133
RS,05472650000234
RS,05475475000158
RS,05490835000190
RS,05565836000157
RS,05573772000136
RS,05603781000122
RS,05607606000103
RS,05630999000176
RS,05634834000172
RS,05652810000146
RS,05666650000194
RS,05688174000102
RS,05732130000132
RS,05758376000183
RS,05765933000193
RS,05776818000114
RS,05800591000103
RS,05861115000194
RS,05879042000168
RS,05882640000196
RS,05882640000358
RS,05893314000184
RS,05894575000119
RS,05896987000198
RS,05897297000153
RS,05973016000102
RS,05983157000106
RS,05983805000116
RS,06002473000104
RS,06011044000101
RS,06017870000150
RS,06019424000184
RS,06026338000107
RS,06028932000129
RS,06047420000100
RS,06061787000188
RS,06102585000137
RS,06102711000153
RS,06104498000119
RS,06115113000119
RS,06118370000104
RS,06146206000100
RS,06152155000120
RS,06170677000154
RS,06217421000155
RS,06219399000182
RS,06226166000107
RS,06230872000122
RS,06233912000190
RS,06271457000117
RS,06297786000137
RS,06934950000170
RS,06934950000250
RS,06936331000114
RS,06968813000156
RS,06984536000175
RS,06990933000150
RS,07015611000152
RS,07028108000131
RS,07032746000550
RS,07050799000170
RS,07074360000187
RS,07078401000103
RS,07148130000115
RS,07149386000147
RS,07157981000124
RS,07167197000105
RS,07173981000207
RS,07197889000198
RS,07206963000195
RS,07231919000135
RS,07244277000109
RS,07288161000171
RS,07293275000100
RS,07303907000179
RS,07321629000182
RS,07333948000108
RS,07335258000198
RS,07348191000126
RS,07350683000156
RS,07355107000100
RS,07392872000191
RS,07412675000197
RS,07467544000107
RS,07481873000102
RS,07491441000263
RS,07498804000101
RS,07559261000195
RS,07580421000188
RS,07592450000160
RS,07605887000190
RS,07638296000110
RS,07644083000109
RS,07654629000102
RS,07691872000192
RS,07748266000166
RS,07777572000120
RS,07833432000122
RS,07844452000107
RS,07878350000102
RS,07895771000133
RS,07911927000122
RS,07916894000103
RS,07947596000180
RS,07978229000144
RS,07999106000190
RS,08009143000176
RS,08015722000121
RS,08015762000173
RS,08083904000130
RS,08096590000100
RS,08111707000187
RS,08112622000113
RS,08174804000119
RS,08189358000116
RS,08202473000183
RS,08303871000196
RS,08323275000178
RS,08373942000127
RS,08394138000124
RS,08407768000609
RS,08436808000128
RS,08471938000100
RS,08543508000148
RS,08567190000135
RS,08605814000161
RS,08609556000191
RS,08614474000135
RS,08632696000180
RS,08641404000176
RS,08646043000150
RS,08655229000176
RS,08656511000178
RS,08667885000199
RS,08724953000104
RS,08728030000120
RS,08740331000170
RS,08741899000105
RS,08744946000174
RS,08786168000186
RS,08813381000130
RS,08818364000195
RS,08818552000113
RS,08824329000189
RS,08862562000156
RS,08928119000130
RS,08930629000142
RS,08932091000105
RS,08932655000100
RS,08960198000167
RS,08965975000166
RS,08969434000106
RS,08969794000108
RS,08974175000101
RS,09000285000135
RS,09013268000132
RS,09018803000148
RS,09031548000173
RS,09039548000110
RS,09081652000172
RS,09082895000125
RS,09090969000175
RS,09091009000120
RS,09091395000150
RS,09114137000141
RS,09131414000124
RS,09139773000128
RS,09185759000160
RS,09192289000162
RS,09205910000185
RS,09207418000149
RS,09208325000139
RS,09220921000134
RS,09223424000190
RS,09274780000132
RS,09342506000153
RS,09360281000168
RS,09415801000192
RS,09427680000107
RS,09429155000112
RS,09440700000171
RS,09470641000184
RS,09475059000100
RS,09478960000136
RS,09483266000107
RS,09490419000143
RS,09506355000121
RS,09525182000199
RS,09528541000161
RS,09550598000167
RS,09606655000182
RS,09624375000105
RS,09625131000139
RS,09721383000161
RS,09815285000193
RS,10284188000109
RS,10292232000114
RS,10369813000107
RS,10382270000168
RS,10410644000101
RS,10423269000134
RS,10439439000179
RS,10468260000140
RS,10481164000131
RS,10519199000112
RS,10523242000113
RS,10549455000114
RS,10561993000124
RS,10565702000176
RS,10616089000179
RS,10674973000160
RS,10736786000163
RS,10746889000104
RS,10747276000191
RS,10763686000126
RS,10771837000198
RS,10772498000164
RS,10790727000173
RS,10794130000105
RS,10852767000100
RS,10893917000116
RS,10917619000119
RS,10918042000160
RS,10947452000139
RS,10947462000174
RS,10947476000198
RS,10947481000109
RS,10973333000150
RS,10989690000107
RS,11015585000130
RS,11047681000160
RS,11071229000133
RS,11087162000125
RS,11087192000131
RS,11087480000196
RS,11145446000120
RS,11200529000175
RS,11209448000136
RS,11274148000130
RS,11280270000110
RS,11333596000168
RS,11415771000166
RS,11431538000177
RS,11434676000100
RS,11443822000163
RS,11445288000124
RS,11458909000104
RS,11517884000172
RS,11613835000133
RS,11614098000193
RS,11636723000106
RS,11670404000109
RS,11726580000115
RS,11744343000187
RS,11754525000139
RS,11761411000116
RS,11848478000192
RS,12103554000101
RS,12210538000100
RS,12225863000146
RS,12309838000140
RS,12370484000140
RS,12505448000146
RS,12516024000187
RS,12525225000140
RS,12546872000139
RS,12620182000182
RS,12623081000165
RS,12648524000172
RS,12648740000118
RS,12683357000109
RS,12744864000105
RS,12826417000197
RS,13016437000165
RS,13019020000156
RS,13076686000146
RS,13083824000114
RS,13087558000106
RS,13106006000190
RS,13325770000156
RS,13372744000189
RS,13411192000170
RS,13471058000165
RS,13779746000197
RS,13785854000172
RS,13850968000159
RS,13898661000128
RS,13941782000105
RS,13941871000151
RS,14014830000182
RS,14024826000103
RS,14045525000158
RS,14119501000104
RS,14135005000136
RS,14145401000144
RS,14192271000109
RS,14209009000111
RS,14272339000151
RS,14311647000149
RS,14381752000154
RS,14391682000204
RS,14451756000161
RS,14475478000182
RS,14508582000126
RS,14551000000194
RS,14763236000194
RS,14764565000150
RS,14793346000107
RS,14829259000154
RS,14861057000190
RS,14892154000140
RS,14911330000143
RS,15097178000170
RS,15163923000131
RS,15222567000180
RS,15225039000184
RS,15400613000193
RS,15438783000167
RS,15491011000199
RS,15701877000187
RS,15732361000108
RS,15766014000198
RS,16443804000103
RS,16499222000130
RS,16529773000108
RS,16576114000114
RS,17008641000195
RS,17166916000119
RS,17171221000125
RS,17192926000129
RS,17304469000117
RS,17490396000103
RS,17632186000102
RS,17724241000186
RS,17776323000174
RS,17787563000174
RS,17820196000163
RS,17860706000126
RS,17889871000100
RS,17904072000166
RS,17942273000158
RS,17991714000101
RS,18018296000133
RS,18274717000197
RS,18332046000173
RS,18740671000154
RS,18912882000127
RS,19065493000176
RS,19119921000104
RS,19151601000123
RS,19196657000102
RS,19423965000115
RS,19455528000183
RS,19550155000120
RS,19700505000197
RS,19858227000109
RS,20231698000163
RS,20550979000189
RS,20720985000137
RS,20847405000177
RS,20964371000109
RS,21186734000187
RS,21227162000137
RS,21315145000232
RS,21315899000101
RS,21352318000101
RS,21352318000292
RS,21527156000103
RS,21609366000132
RS,21748118000172
RS,21748170000129
RS,21968263000169
RS,21968325000132
RS,21968365000184
RS,22803830000190
RS,23409127000164
RS,23440600000176
RS,23685064000250
RS,23685128000131
RS,24263203000139
RS,25079300000139
RS,25186721000169
RS,25256852000175
RS,25287461000118
RS,26078579000107
RS,26225397000103
RS,26756607000190
RS,27165590000169
RS,28620500000145
RS,29022606000100
RS,30182682000161
RS,30289028000151
RS,30703108000101
RS,31228836000171
RS,31394054000102
RS,33192873000100
RS,33614734000110
RS,33618560000163
RS,33767946000137
RS,34050218000172
RS,34523236000124
RS,34530982000145
RS,34798821000137
RS,34798910000183
RS,36490793000111
RS,36496033000111
RS,36496162000100
RS,36504738000133
RS,36996677000179
RS,36996711000105
RS,36996787000130
RS,37189546000142
RS,38168899000129
RS,38169085000109
RS,44053262000190
RS,44699346000103
RS,49446370000146
RS,54975024000195
RS,64151160000114
RS,70037379000947
RS,71954499000114
RS,72173164000121
RS,72203524000190
RS,72208176000144
RS,72246846000117
RS,72313729000129
RS,72338221000185
RS,73235228000134
RS,73289050000376
RS,73297608000101
RS,73420986000122
RS,73464018000118
RS,73495467000123
RS,73612921000189
RS,73689242000108
RS,73749889000188
RS,73918021000164
RS,73918047000102
RS,74772823000171
RS,80083454000102
RS,80945124000189
RS,86801693000137
RS,87018768001576
RS,87175824000180
RS,87194940000147
RS,87197315000159
RS,87274320000118
RS,87278115000120
RS,87330411000123
RS,87332342000197
RS,87377305000103
RS,87396172002824
RS,87397865000111
RS,87412706000149
RS,87432969000110
RS,87461596000105
RS,87481172000102
RS,87517637000138
RS,87523486000120
RS,87546636000111
RS,87550281003230
RS,87604971000129
RS,87640637000120
RS,87799953000140
RS,87821385000136
RS,87843660000112
RS,87847711000184
RS,87864237000107
RS,87951448000179
RS,87956868000148
RS,87976080000101
RS,88017165000117
RS,88048459000106
RS,88108337000168
RS,88115019000124
RS,88124383000150
RS,88148259000125
RS,88153119000145
RS,88264296000107
RS,88268545000477
RS,88295803000161
RS,88304662000104
RS,88311204000607
RS,88332580000165
RS,88439997000121
RS,88441555000110
RS,88446869000105
RS,88451455000174
RS,88542204000103
RS,88613716000105
RS,88628243000110
RS,88632435000108
RS,88665146000105
RS,88702261000102
RS,88872981000108
RS,88941125000167
RS,88941125000248
RS,88957659000181
RS,88979547000121
RS,89028575000126
RS,89069504000171
RS,89108054000189
RS,89220602000168
RS,89274120000190
RS,89322952000135
RS,89357974000130
RS,89371694000187
RS,89387419000151
RS,89405336000229
RS,89432702000158
RS,89436364000122
RS,89515696000100
RS,89530174000170
RS,89547269000104
RS,89587786000107
RS,89591119000190
RS,89717409000137
RS,89723977000140
RS,89786602000120
RS,89850291000110
RS,89905210000132
RS,90049529001083
RS,90061078000109
RS,90062506000118
RS,90063470000197
RS,90083270000104
RS,90115882000123
RS,90116294000104
RS,90154089000133
RS,90154089000303
RS,90154089000486
RS,90218769000173
RS,90228214000102
RS,90274853000104
RS,90293820000101
RS,90381211000104
RS,90393687000165
RS,90455866000180
RS,90515024000176
RS,90593278000102
RS,90623174000101
RS,90629221000205
RS,90724345000180
RS,90727462000106
RS,90733627000144
RS,90862491000172
RS,90952052000150
RS,90952953000142
RS,90992678000190
RS,91013698000135
RS,91036673000157
RS,91038273000180
RS,91043786000180
RS,91044354000193
RS,91156901000122
RS,91212035000140
RS,91215046000183
RS,91239988000100
RS,91241620000178
RS,91296855000167
RS,91332395000185
RS,91345801000144
RS,91489385000158
RS,91490516000117
RS,91522748000100
RS,91544353000108
RS,91597435000110
RS,91603829000134
RS,91621706000126
RS,91665034000150
RS,91667220000129
RS,91669135000108
RS,91675868000147
RS,91705392000140
RS,91858027000175
RS,91863720000136
RS,91866756000173
RS,91888222000148
RS,91896118000103
RS,91939389000190
RS,91947036000302
RS,91955633000109
RS,91982421000110
RS,92017110000184
RS,92028232000176
RS,92042498000173
RS,92042498000254
RS,92078641000187
RS,92100718000178
RS,92152594000174
RS,92171958000163
RS,92189356000133
RS,92195650000158
RS,92232040000187
RS,92296755000365
RS,92507813000271
RS,92544097000111
RS,92560481000108
RS,92611177000142
RS,92639954000167
RS,92660240000130
RS,92662907000134
RS,92670173000305
RS,92682228000127
RS,92688746000158
RS,92690106000182
RS,92693928000117
RS,92693985000368
RS,92694348000144
RS,92696350000152
RS,92696517000185
RS,92748904000118
RS,92761436000111
RS,92786680000139
RS,92820299000149
RS,92878180000127
RS,92880830000250
RS,92882950000105
RS,92936921000189
RS,92996784000178
RS,93001428000130
RS,93008647000140
RS,93013530000155
RS,93156149000145
RS,93161636000104
RS,93184323000163
RS,93219459000161
RS,93285476000105
RS,93290559000184
RS,93327104000196
RS,93377232000144
RS,93410975000179
RS,93469781000149
RS,93607398000100
RS,93625523000104
RS,93627784000163
RS,93693281000196
RS,93797611000193
RS,93810919000555
RS,93884450000175
RS,93932465000161
RS,94015468000101
RS,94078466000153
RS,94138823000121
RS,94296175000131
RS,94296175001618
RS,94296175018421
RS,94318631000105
RS,94324340001274
RS,94338753000155
RS,94385952000114
RS,94391026000151
RS,94414992000228
RS,94458429000170
RS,94460052000518
RS,94474152000170
RS,94554045000151
RS,94565892000111
RS,94632619000243
RS,94638582000180
RS,94639234000127
RS,94736147000198
RS,94784626000180
RS,94867660000118
RS,94902475000117
RS,94928959000135
RS,95084943000156
RS,95171757000235
RS,95211124000122
RS,95237418000123
RS,95424834000130
RS,95434809000995
RS,95594990000140
RS,95622965000203
RS,95623831000126
RS,96013693000126
RS,96202114000193
RS,96415088000181
RS,96589551000101
RS,96734769000102
RS,96737549000132
RS,97064349000200
RS,97191928000132
RS,97275978000106
RS,97530495000100
RS,97969620000175
RS,98036759000129
RS,98248644000106
RS,98405079000135
RS,98510910000119
